"Symbol","Name","LastSale","MarketCap","ADR TSO","IPOyear","Sector","Industry","Summary Quote",
"XXII","22nd Century Group, Inc","2.52","313491699.36","n/a","n/a","Consumer Non-Durables","Farming/Seeds/Milling","https://www.nasdaq.com/symbol/xxii",
"GOLF","Acushnet Holdings Corp.","21.57","1612574537.34","n/a","2016","Consumer Non-Durables","Recreational Products/Toys","https://www.nasdaq.com/symbol/golf",
"AGRO","Adecoagro S.A.","6.71","782085606.72","n/a","2011","Consumer Non-Durables","Farming/Seeds/Milling","https://www.nasdaq.com/symbol/agro",
"ALCO","Alico, Inc.","32","238553440","n/a","n/a","Consumer Non-Durables","Farming/Seeds/Milling","https://www.nasdaq.com/symbol/alco",
"MO","Altria Group","52.35","98368030930.35","n/a","n/a","Consumer Non-Durables","Farming/Seeds/Milling","https://www.nasdaq.com/symbol/mo",
"AMAL","Amalgamated Bank","18.56","589680617.6","n/a","2018","Consumer Non-Durables","Textiles","https://www.nasdaq.com/symbol/amal",
"ABEV","Ambev S.A.","4.05","63667071621.9","n/a","2013","Consumer Non-Durables","Beverages (Production/Distribution)","https://www.nasdaq.com/symbol/abev",
"DIT","AMCON Distributing Company","85.86","53005671","n/a","n/a","Consumer Non-Durables","Food Distributors","https://www.nasdaq.com/symbol/dit",
"ANFI","Amira Nature Foods Ltd","0.4014","15218468.4636","n/a","2012","Consumer Non-Durables","Packaged Foods","https://www.nasdaq.com/symbol/anfi",
"BUD","Anheuser-Busch Inbev SA","68.23","133491995000","n/a","n/a","Consumer Non-Durables","Beverages (Production/Distribution)","https://www.nasdaq.com/symbol/bud",
"AXE","Anixter International Inc.","56.09","1877996742.14","n/a","n/a","Consumer Non-Durables","Telecommunications Equipment","https://www.nasdaq.com/symbol/axe",
"ATR","AptarGroup, Inc.","98.64","6195979667.52","n/a","n/a","Consumer Non-Durables","Plastic Products","https://www.nasdaq.com/symbol/atr",
"ADM","Archer-Daniels-Midland Company","43.38","24320752987.5","n/a","n/a","Consumer Non-Durables","Packaged Foods","https://www.nasdaq.com/symbol/adm",
"FUV","Arcimoto, Inc.","2.01","28195156.41","n/a","2017","Consumer Non-Durables","Motor Vehicles","https://www.nasdaq.com/symbol/fuv",
"ARLO","Arlo Technologies, Inc.","9.72","721683270","n/a","2018","Consumer Non-Durables","Consumer Electronics/Appliances","https://www.nasdaq.com/symbol/arlo",
"AFI","Armstrong Flooring, Inc.","13.16","339891334.44","n/a","2016","Consumer Non-Durables","Plastic Products","https://www.nasdaq.com/symbol/afi",
"AWI","Armstrong World Industries Inc","60.19","2983385906.41","n/a","n/a","Consumer Non-Durables","Plastic Products","https://www.nasdaq.com/symbol/awi",
"ARW","Arrow Electronics, Inc.","69.89","6092461144.16","n/a","n/a","Consumer Non-Durables","Electronic Components","https://www.nasdaq.com/symbol/arw",
"AVT","Avnet, Inc.","37.34","4153186121.3","n/a","n/a","Consumer Non-Durables","Electronic Components","https://www.nasdaq.com/symbol/avt",
"AVP","Avon Products, Inc.","1.69","747588658.57","n/a","n/a","Consumer Non-Durables","Package Goods/Cosmetics","https://www.nasdaq.com/symbol/avp",
"BGS","B&G Foods, Inc.","28.98","1910735702.82","n/a","n/a","Consumer Non-Durables","Packaged Foods","https://www.nasdaq.com/symbol/bgs",
"BERY","Berry Global Group, Inc.","46.96","6161152000","n/a","2012","Consumer Non-Durables","Plastic Products","https://www.nasdaq.com/symbol/bery",
"SAM","Boston Beer Company, Inc. (The)","264.72","3076139581.44","n/a","n/a","Consumer Non-Durables","Beverages (Production/Distribution)","https://www.nasdaq.com/symbol/sam",
"LND","Brasilagro Cia Brasileira De Propriedades Agricolas","3.81","204986260.08","n/a","n/a","Consumer Non-Durables","Farming/Seeds/Milling","https://www.nasdaq.com/symbol/lnd",
"BRFS","BRF S.A.","5.82","4722440002.56","n/a","n/a","Consumer Non-Durables","Meat/Poultry/Fish","https://www.nasdaq.com/symbol/brfs",
"BRID","Bridgford Foods Corporation","17.989","163283130.848","n/a","n/a","Consumer Non-Durables","Specialty Foods","https://www.nasdaq.com/symbol/brid",
"BV","BrightView Holdings, Inc.","10.39","1085439798.57","n/a","2018","Consumer Non-Durables","Farming/Seeds/Milling","https://www.nasdaq.com/symbol/bv",
"BTI","British American Tobacco p.l.c.","32.72","75052139774.16","n/a","n/a","Consumer Non-Durables","Farming/Seeds/Milling","https://www.nasdaq.com/symbol/bti",
"BG","Bunge Limited","57.89","8167588488.08","n/a","2001","Consumer Non-Durables","Packaged Foods","https://www.nasdaq.com/symbol/bg",
"CVGW","Calavo Growers, Inc.","84.73","1488504103.68","n/a","n/a","Consumer Non-Durables","Farming/Seeds/Milling","https://www.nasdaq.com/symbol/cvgw",
"CAL","Caleres, Inc.","28.68","1229727990.6","n/a","n/a","Consumer Non-Durables","Shoe Manufacturing","https://www.nasdaq.com/symbol/cal",
"ELY","Callaway Golf Company","15.53","1467616603.55","n/a","1992","Consumer Non-Durables","Recreational Products/Toys","https://www.nasdaq.com/symbol/ely",
"CALM","Cal-Maine Foods, Inc.","44.46","2162016085.32","n/a","1996","Consumer Non-Durables","Farming/Seeds/Milling","https://www.nasdaq.com/symbol/calm",
"CPB","Campbell Soup Company","38.83","11688957001.92","n/a","n/a","Consumer Non-Durables","Packaged Foods","https://www.nasdaq.com/symbol/cpb",
"GOOS","Canada Goose Holdings Inc.","50.35","2449459728.9","n/a","2017","Consumer Non-Durables","Apparel","https://www.nasdaq.com/symbol/goos",
"CSWC","Capital Southwest Corporation","19.36","329956235.84","n/a","n/a","Consumer Non-Durables","Textiles","https://www.nasdaq.com/symbol/cswc",
"CSWCL","Capital Southwest Corporation","25.1974","0","n/a","n/a","Consumer Non-Durables","Textiles","https://www.nasdaq.com/symbol/cswcl",
"CRI","Carter&#39;s, Inc.","81.51","3737144491.08","n/a","2003","Consumer Non-Durables","Apparel","https://www.nasdaq.com/symbol/cri",
"ROX","Castle Brands, Inc.","0.82","138334925.78","n/a","2006","Consumer Non-Durables","Beverages (Production/Distribution)","https://www.nasdaq.com/symbol/rox",
"CAW","CCA Industries, Inc.","2.1","15659036.4","n/a","n/a","Consumer Non-Durables","Package Goods/Cosmetics","https://www.nasdaq.com/symbol/caw",
"CELH","Celsius Holdings, Inc.","3.46","176909173.74","n/a","n/a","Consumer Non-Durables","Beverages (Production/Distribution)","https://www.nasdaq.com/symbol/celh",
"CTRC","Centric Brands Inc.","3.8","221675185","n/a","n/a","Consumer Non-Durables","Apparel","https://www.nasdaq.com/symbol/ctrc",
"CHKE","Cherokee Inc.","0.615","8637901.32","n/a","n/a","Consumer Non-Durables","Apparel","https://www.nasdaq.com/symbol/chke",
"BORN","China New Borun Corporation","0.73","18779250","n/a","2010","Consumer Non-Durables","Beverages (Production/Distribution)","https://www.nasdaq.com/symbol/born",
"CTAS","Cintas Corporation","166.22","17768211232.56","n/a","1983","Consumer Non-Durables","Apparel","https://www.nasdaq.com/symbol/ctas",
"CLAR","Clarus Corporation","9.64","287755821.96","n/a","n/a","Consumer Non-Durables","Recreational Products/Toys","https://www.nasdaq.com/symbol/clar",
"KOF","Coca Cola Femsa S.A.B. de C.V.","59.07","12409425600","n/a","1993","Consumer Non-Durables","Beverages (Production/Distribution)","https://www.nasdaq.com/symbol/kof",
"COKE","Coca-Cola Bottling Co. Consolidated","202.7","1896150055.5","n/a","1972","Consumer Non-Durables","Beverages (Production/Distribution)","https://www.nasdaq.com/symbol/coke",
"KO","Coca-Cola Company (The)","48.33","205717316690.34","n/a","n/a","Consumer Non-Durables","Beverages (Production/Distribution)","https://www.nasdaq.com/symbol/ko",
"CCEP","Coca-Cola European Partners plc","46.83","22328321510.67","n/a","2016","Consumer Non-Durables","Beverages (Production/Distribution)","https://www.nasdaq.com/symbol/ccep",
"JVA","Coffee Holding Co., Inc.","3.72","20909253.24","n/a","2005","Consumer Non-Durables","Food Distributors","https://www.nasdaq.com/symbol/jva",
"CL","Colgate-Palmolive Company","62.92","54571769303.48","n/a","n/a","Consumer Non-Durables","Package Goods/Cosmetics","https://www.nasdaq.com/symbol/cl",
"COLM","Columbia Sportswear Company","83.36","5752281391.2","n/a","1998","Consumer Non-Durables","Apparel","https://www.nasdaq.com/symbol/colm",
"CCU","Compania Cervecerias Unidas, S.A.","25.39","4690838960.04","n/a","n/a","Consumer Non-Durables","Beverages (Production/Distribution)","https://www.nasdaq.com/symbol/ccu",
"CAG","ConAgra Brands, Inc.","29.01","14087608297.44","n/a","n/a","Consumer Non-Durables","Packaged Foods","https://www.nasdaq.com/symbol/cag",
"STZ","Constellation Brands Inc","176.05","33355185085.6","n/a","n/a","Consumer Non-Durables","Beverages (Production/Distribution)","https://www.nasdaq.com/symbol/stz",
"AWSM","Cool Holdings Inc.","1.53","11923164.54","n/a","n/a","Consumer Non-Durables","Electronic Components","https://www.nasdaq.com/symbol/awsm",
"CMT","Core Molding Technologies Inc","7.25","58717626.75","n/a","n/a","Consumer Non-Durables","Plastic Products","https://www.nasdaq.com/symbol/cmt",
"CORE","Core-Mark Holding Company, Inc.","24.46","1117912624.3","n/a","n/a","Consumer Non-Durables","Food Distributors","https://www.nasdaq.com/symbol/core",
"CZZ","Cosan Limited","8.2","2006340838.4","n/a","n/a","Consumer Non-Durables","Specialty Foods","https://www.nasdaq.com/symbol/czz",
"COT","Cott Corporation","14.09","1940573528.63","n/a","n/a","Consumer Non-Durables","Beverages (Production/Distribution)","https://www.nasdaq.com/symbol/cot",
"COTY","Coty Inc.","7.07","5310100942.86","n/a","2013","Consumer Non-Durables","Package Goods/Cosmetics","https://www.nasdaq.com/symbol/coty",
"BREW","Craft Brew Alliance, Inc.","15.77","305650386.74","n/a","n/a","Consumer Non-Durables","Beverages (Production/Distribution)","https://www.nasdaq.com/symbol/brew",
"CROX","Crocs, Inc.","25.19","1682717366.33","n/a","2006","Consumer Non-Durables","Shoe Manufacturing","https://www.nasdaq.com/symbol/crox",
"CUI","CUI Global, Inc.","1.43","40827632.56","n/a","n/a","Consumer Non-Durables","Electronic Components","https://www.nasdaq.com/symbol/cui",
"DAR","Darling Ingredients Inc.","20.11","3311270932.08","n/a","n/a","Consumer Non-Durables","Packaged Foods","https://www.nasdaq.com/symbol/dar",
"DTEA","DAVIDsTEA Inc.","1.47","38215044.63","n/a","2015","Consumer Non-Durables","Food Chains","https://www.nasdaq.com/symbol/dtea",
"DF","Dean Foods Company","4.32","394850255.04","n/a","n/a","Consumer Non-Durables","Packaged Foods","https://www.nasdaq.com/symbol/df",
"DECK","Deckers Outdoor Corporation","118.46","3449816878.14","n/a","1993","Consumer Non-Durables","Shoe Manufacturing","https://www.nasdaq.com/symbol/deck",
"DLA","Delta Apparel, Inc.","19.15","131344047.55","n/a","n/a","Consumer Non-Durables","Apparel","https://www.nasdaq.com/symbol/dla",
"DSWL","Deswell Industries, Inc.","3.05","48449978.95","n/a","1995","Consumer Non-Durables","Plastic Products","https://www.nasdaq.com/symbol/dswl",
"DEO","Diageo plc","140.81","85648050858.96","n/a","n/a","Consumer Non-Durables","Beverages (Production/Distribution)","https://www.nasdaq.com/symbol/deo",
"DPZ","Domino&#39;s Pizza Inc","242.19","10073809010.07","n/a","2004","Consumer Non-Durables","Food Distributors","https://www.nasdaq.com/symbol/dpz",
"DXF","Dunxin Financial Holdings Limited","3.18","66249998.94","n/a","n/a","Consumer Non-Durables","Apparel","https://www.nasdaq.com/symbol/dxf",
"ELF","e.l.f. Beauty, Inc.","9.6","463246665.6","n/a","2016","Consumer Non-Durables","Package Goods/Cosmetics","https://www.nasdaq.com/symbol/elf",
"EAST","Eastside Distilling, Inc.","6.14","44902618.2","n/a","n/a","Consumer Non-Durables","Beverages (Production/Distribution)","https://www.nasdaq.com/symbol/east",
"EDNT","Edison Nation, Inc.","5.65","28532522.6","n/a","2018","Consumer Non-Durables","Recreational Products/Toys","https://www.nasdaq.com/symbol/ednt",
"MSN","Emerson Radio Corporation","1.45","31124838.7","n/a","n/a","Consumer Non-Durables","Consumer Electronics/Appliances","https://www.nasdaq.com/symbol/msn",
"EPC","Energizer Holdings, Inc.","39.77","2149195019.93","n/a","n/a","Consumer Non-Durables","Package Goods/Cosmetics","https://www.nasdaq.com/symbol/epc",
"ENS","Enersys","73.35","3177959899.5","n/a","2004","Consumer Non-Durables","Telecommunications Equipment","https://www.nasdaq.com/symbol/ens",
"ENTG","Entegris, Inc.","25.76","3640688646.56","n/a","2000","Consumer Non-Durables","Plastic Products","https://www.nasdaq.com/symbol/entg",
"ESCA","Escalade, Incorporated","11.11","160425333.64","n/a","n/a","Consumer Non-Durables","Recreational Products/Toys","https://www.nasdaq.com/symbol/esca",
"EL","Estee Lauder Companies, Inc. (The)","130.3","47279686222.6","n/a","1995","Consumer Non-Durables","Package Goods/Cosmetics","https://www.nasdaq.com/symbol/el",
"EVK","Ever-Glory International Group, Inc.","4.1","60672611.8","n/a","n/a","Consumer Non-Durables","Apparel","https://www.nasdaq.com/symbol/evk",
"FARM","Farmer Brothers Company","22.77","386582251.77","n/a","n/a","Consumer Non-Durables","Packaged Foods","https://www.nasdaq.com/symbol/farm",
"FAMI","FARMMI, INC.","3.83","45699560","n/a","2018","Consumer Non-Durables","Packaged Foods","https://www.nasdaq.com/symbol/fami",
"FLO","Flowers Foods, Inc.","18.46","3893125521.22","n/a","n/a","Consumer Non-Durables","Packaged Foods","https://www.nasdaq.com/symbol/flo",
"FMX","Fomento Economico Mexicano S.A.B. de C.V.","81.53","145866393896.55","n/a","n/a","Consumer Non-Durables","Beverages (Production/Distribution)","https://www.nasdaq.com/symbol/fmx",
"FORD","Forward Industries, Inc.","1.39","13252051.5","n/a","n/a","Consumer Non-Durables","Plastic Products","https://www.nasdaq.com/symbol/ford",
"FOSL","Fossil Group, Inc.","15.82","782386452.96","n/a","1993","Consumer Non-Durables","Consumer Specialties","https://www.nasdaq.com/symbol/fosl",
"FOXF","Fox Factory Holding Corp.","59.45","2258390107.55","n/a","2013","Consumer Non-Durables","Motor Vehicles","https://www.nasdaq.com/symbol/foxf",
"FDP","Fresh Del Monte Produce, Inc.","32.15","1555287467.65","n/a","1997","Consumer Non-Durables","Farming/Seeds/Milling","https://www.nasdaq.com/symbol/fdp",
"FRPT","Freshpet, Inc.","34.1","1211797139.3","n/a","2014","Consumer Non-Durables","Packaged Foods","https://www.nasdaq.com/symbol/frpt",
"FORK","Fuling Global Inc.","3.5677","56299037.3785","n/a","2015","Consumer Non-Durables","Plastic Products","https://www.nasdaq.com/symbol/fork",
"FNKO","Funko, Inc.","13.6","657790275.2","n/a","2017","Consumer Non-Durables","Recreational Products/Toys","https://www.nasdaq.com/symbol/fnko",
"FTFT","Future FinTech Group Inc.","0.7301","22645572.2983","n/a","n/a","Consumer Non-Durables","Packaged Foods","https://www.nasdaq.com/symbol/ftft",
"WILC","G. Willi-Food International,  Ltd.","6.95","92024345.35","n/a","n/a","Consumer Non-Durables","Food Distributors","https://www.nasdaq.com/symbol/wilc",
"GPIC","Gaming Partners International Corporation","13","104597584","n/a","n/a","Consumer Non-Durables","Recreational Products/Toys","https://www.nasdaq.com/symbol/gpic",
"GIS","General Mills, Inc.","36.74","21905487701.68","n/a","n/a","Consumer Non-Durables","Packaged Foods","https://www.nasdaq.com/symbol/gis",
"GIII","G-III Apparel Group, LTD.","28.63","1413050455.81","n/a","1989","Consumer Non-Durables","Apparel","https://www.nasdaq.com/symbol/giii",
"GIL","Gildan Activewear, Inc.","31.46","6503742725.48","n/a","1998","Consumer Non-Durables","Apparel","https://www.nasdaq.com/symbol/gil",
"GLAD","Gladstone Capital Corporation","8.16","232598719.2","n/a","2001","Consumer Non-Durables","Textiles","https://www.nasdaq.com/symbol/glad",
"GLADD","Gladstone Capital Corporation","24.825","0","n/a","n/a","Consumer Non-Durables","Textiles","https://www.nasdaq.com/symbol/gladd",
"GLADN","Gladstone Capital Corporation","25.0001","0","n/a","n/a","Consumer Non-Durables","Textiles","https://www.nasdaq.com/symbol/gladn",
"GNC","GNC Holdings, Inc.","2.61","218939095.71","n/a","2011","Consumer Non-Durables","Food Chains","https://www.nasdaq.com/symbol/gnc",
"GES","Guess?, Inc.","19.51","1581068314.68","n/a","1996","Consumer Non-Durables","Apparel","https://www.nasdaq.com/symbol/ges",
"HOG","Harley-Davidson, Inc.","33.94","5526543535","n/a","n/a","Consumer Non-Durables","Motor Vehicles","https://www.nasdaq.com/symbol/hog",
"HAS","Hasbro, Inc.","83.59","10574760086.02","n/a","n/a","Consumer Non-Durables","Recreational Products/Toys","https://www.nasdaq.com/symbol/has",
"HSY","Hershey Company (The)","105.17","22065485063.96","n/a","n/a","Consumer Non-Durables","Specialty Foods","https://www.nasdaq.com/symbol/hsy",
"HFFG","HF Foods Group Inc.","14.49","321206872.14","n/a","2017","Consumer Non-Durables","Food Distributors","https://www.nasdaq.com/symbol/hffg",
"HRL","Hormel Foods Corporation","43.17","23078495721.45","n/a","n/a","Consumer Non-Durables","Meat/Poultry/Fish","https://www.nasdaq.com/symbol/hrl",
"TWNK","Hostess Brands, Inc.","11.09","1443637278.83","n/a","2015","Consumer Non-Durables","Packaged Foods","https://www.nasdaq.com/symbol/twnk",
"TWNKW","Hostess Brands, Inc.","0.99","0","n/a","2015","Consumer Non-Durables","Packaged Foods","https://www.nasdaq.com/symbol/twnkw",
"HWCC","Houston Wire & Cable Company","5.6","92531258.4","n/a","2006","Consumer Non-Durables","Telecommunications Equipment","https://www.nasdaq.com/symbol/hwcc",
"ICON","Iconix Brand Group, Inc.","0.1085","8158396.7745","n/a","n/a","Consumer Non-Durables","Shoe Manufacturing","https://www.nasdaq.com/symbol/icon",
"IBA","Industrias Bachoco, S.A. de C.V.","39.73","1986500000","n/a","1997","Consumer Non-Durables","Meat/Poultry/Fish","https://www.nasdaq.com/symbol/iba",
"INGR","Ingredion Incorporated","93.68","6623534232.32","n/a","n/a","Consumer Non-Durables","Packaged Foods","https://www.nasdaq.com/symbol/ingr",
"IMTE","Integrated Media Technology Limited","4.85","12944097.1","n/a","n/a","Consumer Non-Durables","Consumer Electronics/Appliances","https://www.nasdaq.com/symbol/imte",
"IPAR","Inter Parfums, Inc.","60.48","1895070764.16","n/a","n/a","Consumer Non-Durables","Package Goods/Cosmetics","https://www.nasdaq.com/symbol/ipar",
"ITRN","Ituran Location and Control Ltd.","32.67","685046971.62","n/a","2005","Consumer Non-Durables","Electronic Components","https://www.nasdaq.com/symbol/itrn",
"JJSF","J & J Snack Foods Corp.","149.89","2813799532.7","n/a","1986","Consumer Non-Durables","Specialty Foods","https://www.nasdaq.com/symbol/jjsf",
"JILL","J. Jill, Inc.","4.92","215238964.44","n/a","2017","Consumer Non-Durables","Apparel","https://www.nasdaq.com/symbol/jill",
"SJM","J.M. Smucker Company (The)","99","11262055167","n/a","n/a","Consumer Non-Durables","Packaged Foods","https://www.nasdaq.com/symbol/sjm",
"JAKK","JAKKS Pacific, Inc.","2.18","63590410.34","n/a","1996","Consumer Non-Durables","Recreational Products/Toys","https://www.nasdaq.com/symbol/jakk",
"JEF","Jefferies Financial Group Inc.","17.6","5686082248","n/a","n/a","Consumer Non-Durables","Meat/Poultry/Fish","https://www.nasdaq.com/symbol/jef",
"JRSH","Jerash Holdings (US), Inc.","6","67950000","n/a","2018","Consumer Non-Durables","Apparel","https://www.nasdaq.com/symbol/jrsh",
"JBSS","John B. Sanfilippo & Son, Inc.","61.32","695675461.32","n/a","1991","Consumer Non-Durables","Specialty Foods","https://www.nasdaq.com/symbol/jbss",
"JOUT","Johnson Outdoors Inc.","60.92","609141882.32","n/a","n/a","Consumer Non-Durables","Recreational Products/Toys","https://www.nasdaq.com/symbol/jout",
"KBSF","KBS Fashion Group Limited","3.6026","7950005.1266","n/a","2013","Consumer Non-Durables","Apparel","https://www.nasdaq.com/symbol/kbsf",
"K","Kellogg Company","59.23","20554062359.12","n/a","n/a","Consumer Non-Durables","Packaged Foods","https://www.nasdaq.com/symbol/k",
"KDP","Keurig Dr Pepper Inc.","25.24","35991401678.64","n/a","n/a","Consumer Non-Durables","Beverages (Production/Distribution)","https://www.nasdaq.com/symbol/kdp",
"KN","Knowles Corporation","13.76","1241210149.76","n/a","2014","Consumer Non-Durables","Consumer Electronics/Appliances","https://www.nasdaq.com/symbol/kn",
"KOSS","Koss Corporation","1.88","13921082.28","n/a","n/a","Consumer Non-Durables","Consumer Electronics/Appliances","https://www.nasdaq.com/symbol/koss",
"LW","Lamb Weston Holdings, Inc.","75.44","11048537664.4","n/a","2016","Consumer Non-Durables","Packaged Foods","https://www.nasdaq.com/symbol/lw",
"LANC","Lancaster Colony Corporation","181.99","5002806097.44","n/a","n/a","Consumer Non-Durables","Packaged Foods","https://www.nasdaq.com/symbol/lanc",
"LNDC","Landec Corporation","12.8","355645478.4","n/a","1996","Consumer Non-Durables","Packaged Foods","https://www.nasdaq.com/symbol/lndc",
"LEVB","Level Brands, Inc.","3.06","30891789.36","n/a","2017","Consumer Non-Durables","Package Goods/Cosmetics","https://www.nasdaq.com/symbol/levb",
"LWAY","Lifeway Foods, Inc.","2.58","40861253.1","n/a","n/a","Consumer Non-Durables","Packaged Foods","https://www.nasdaq.com/symbol/lway",
"LMNR","Limoneira Co","20.04","354093052.56","n/a","n/a","Consumer Non-Durables","Farming/Seeds/Milling","https://www.nasdaq.com/symbol/lmnr",
"YVR","Liquid Media Group Ltd.","3.01","12031572","n/a","n/a","Consumer Non-Durables","Beverages (Production/Distribution)","https://www.nasdaq.com/symbol/yvr",
"LRAD","LRAD Corporation","2.48","81683068.08","n/a","n/a","Consumer Non-Durables","Consumer Electronics/Appliances","https://www.nasdaq.com/symbol/lrad",
"LULU","lululemon athletica inc.","118.89","15741510965.55","n/a","2007","Consumer Non-Durables","Apparel","https://www.nasdaq.com/symbol/lulu",
"MAT","Mattel, Inc.","11.18","3858785798.66","n/a","n/a","Consumer Non-Durables","Recreational Products/Toys","https://www.nasdaq.com/symbol/mat",
"MKC","McCormick & Company, Incorporated","146.13","19240234945.35","n/a","n/a","Consumer Non-Durables","Packaged Foods","https://www.nasdaq.com/symbol/mkc",
"MKC.V","McCormick & Company, Incorporated","n/a","0","n/a","n/a","Consumer Non-Durables","Packaged Foods","https://www.nasdaq.com/symbol/mkc.v",
"MED","MEDIFAST INC","126.65","1515362943.9","n/a","n/a","Consumer Non-Durables","Packaged Foods","https://www.nasdaq.com/symbol/med",
"MGPI","MGP Ingredients, Inc.","54.91","925585692.74","n/a","n/a","Consumer Non-Durables","Beverages (Production/Distribution)","https://www.nasdaq.com/symbol/mgpi",
"KORS","Michael Kors Holdings Limited","38.1","5723862707.7","n/a","2011","Consumer Non-Durables","Apparel","https://www.nasdaq.com/symbol/kors",
"TAP","Molson Coors Brewing  Company","60.57","9859216637.25","n/a","n/a","Consumer Non-Durables","Beverages (Production/Distribution)","https://www.nasdaq.com/symbol/tap",
"MDLZ","Mondelez International, Inc.","42.81","62238694116.15","n/a","n/a","Consumer Non-Durables","Packaged Foods","https://www.nasdaq.com/symbol/mdlz",
"MNST","Monster Beverage Corporation","51.27","28350437670.87","n/a","n/a","Consumer Non-Durables","Beverages (Production/Distribution)","https://www.nasdaq.com/symbol/mnst",
"MOV","Movado Group Inc.","32","739067648","n/a","n/a","Consumer Non-Durables","Consumer Specialties","https://www.nasdaq.com/symbol/mov",
"MYE","Myers Industries, Inc.","15.33","541953089.16","n/a","n/a","Consumer Non-Durables","Plastic Products","https://www.nasdaq.com/symbol/mye",
"NAKD","Naked Brand Group Limited","0.94","21580875.32","n/a","n/a","Consumer Non-Durables","Apparel","https://www.nasdaq.com/symbol/nakd",
"FIZZ","National Beverage Corp.","77.88","3632069311.2","n/a","n/a","Consumer Non-Durables","Beverages (Production/Distribution)","https://www.nasdaq.com/symbol/fizz",
"NLS","Nautilus Group, Inc. (The)","11.06","329445126.92","n/a","n/a","Consumer Non-Durables","Recreational Products/Toys","https://www.nasdaq.com/symbol/nls",
"NBEV","New Age Beverages Corporation","6.64","483630123.68","n/a","n/a","Consumer Non-Durables","Beverages (Production/Distribution)","https://www.nasdaq.com/symbol/nbev",
"NWL","Newell Brands Inc.","21.5","10036200000","n/a","n/a","Consumer Non-Durables","Plastic Products","https://www.nasdaq.com/symbol/nwl",
"NKE","Nike, Inc.","69.9","111008773804.8","n/a","n/a","Consumer Non-Durables","Shoe Manufacturing","https://www.nasdaq.com/symbol/nke",
"NOMD","Nomad Foods Limited","17.02","2962296908.94","n/a","2016","Consumer Non-Durables","Packaged Foods","https://www.nasdaq.com/symbol/nomd",
"SEED","Origin Agritech Limited","6.935","1618843.985","n/a","n/a","Consumer Non-Durables","Farming/Seeds/Milling","https://www.nasdaq.com/symbol/seed",
"OXM","Oxford Industries, Inc.","69.4","1176430491.2","n/a","n/a","Consumer Non-Durables","Apparel","https://www.nasdaq.com/symbol/oxm",
"PEP","Pepsico, Inc.","112.93","159408374240","n/a","n/a","Consumer Non-Durables","Beverages (Production/Distribution)","https://www.nasdaq.com/symbol/pep",
"PFGC","Performance Food Group Company","33.3","3501838123.2","n/a","2015","Consumer Non-Durables","Food Distributors","https://www.nasdaq.com/symbol/pfgc",
"PM","Philip Morris International Inc","81.4","126538245541.4","n/a","n/a","Consumer Non-Durables","Farming/Seeds/Milling","https://www.nasdaq.com/symbol/pm",
"PPC","Pilgrim&#39;s Pride Corporation","16.23","4040956095.57","n/a","n/a","Consumer Non-Durables","Meat/Poultry/Fish","https://www.nasdaq.com/symbol/ppc",
"PLAG","Planet Green Holdings Corp","2.43","10665.27","n/a","n/a","Consumer Non-Durables","Packaged Foods","https://www.nasdaq.com/symbol/plag",
"POPE","Pope Resources","69.4999","302478576.7784","n/a","n/a","Consumer Non-Durables","Environmental Services","https://www.nasdaq.com/symbol/pope",
"POST","Post Holdings, Inc.","89.76","5985317437.44","n/a","2012","Consumer Non-Durables","Packaged Foods","https://www.nasdaq.com/symbol/post",
"PRMW","Primo Water Corporation","14.77","569163619.01","n/a","2010","Consumer Non-Durables","Food Distributors","https://www.nasdaq.com/symbol/prmw",
"PVH","PVH Corp.","91.34","6917655177.48","n/a","n/a","Consumer Non-Durables","Apparel","https://www.nasdaq.com/symbol/pvh",
"RADA","RADA Electronic Industries Ltd.","2.96","97595453.52","n/a","n/a","Consumer Non-Durables","Electronic Components","https://www.nasdaq.com/symbol/rada",
"RL","Ralph Lauren Corporation","100.96","8121035523.04","n/a","1997","Consumer Non-Durables","Apparel","https://www.nasdaq.com/symbol/rl",
"RAND","Rand Capital Corporation","2.37","14983111.56","n/a","n/a","Consumer Non-Durables","Textiles","https://www.nasdaq.com/symbol/rand",
"RAVE","Rave Restaurant Group, Inc.","1.11","16729155.21","n/a","n/a","Consumer Non-Durables","Food Distributors","https://www.nasdaq.com/symbol/rave",
"REED","Reeds, Inc.","2.09","53737680.81","n/a","n/a","Consumer Non-Durables","Beverages (Production/Distribution)","https://www.nasdaq.com/symbol/reed",
"ABAC","Renmin Tianli Group, Inc.","1.03","8274757.35","n/a","n/a","Consumer Non-Durables","Farming/Seeds/Milling","https://www.nasdaq.com/symbol/abac",
"REV","Revlon, Inc.","24.49","1293973427.92","n/a","1996","Consumer Non-Durables","Package Goods/Cosmetics","https://www.nasdaq.com/symbol/rev",
"RIBT","RiceBran Technologies","3.36","96632793.6","n/a","n/a","Consumer Non-Durables","Packaged Foods","https://www.nasdaq.com/symbol/ribt",
"RELL","Richardson Electronics, Ltd.","7.14","93159292.8","n/a","1983","Consumer Non-Durables","Electronic Components","https://www.nasdaq.com/symbol/rell",
"RCKY","Rocky Brands, Inc.","23.44","173955670.48","n/a","1993","Consumer Non-Durables","Shoe Manufacturing","https://www.nasdaq.com/symbol/rcky",
"RMCF","Rocky Mountain Chocolate Factory, Inc.","8.5","50563610","n/a","n/a","Consumer Non-Durables","Specialty Foods","https://www.nasdaq.com/symbol/rmcf",
"SANW","S&W Seed Company","2.6","0","n/a","n/a","Consumer Non-Durables","Farming/Seeds/Milling","https://www.nasdaq.com/symbol/sanw",
"SAFM","Sanderson Farms, Inc.","96.43","2202264097.08","n/a","1987","Consumer Non-Durables","Meat/Poultry/Fish","https://www.nasdaq.com/symbol/safm",
"SENEA","Seneca Foods Corp.","29.71","287967294.55","n/a","n/a","Consumer Non-Durables","Packaged Foods","https://www.nasdaq.com/symbol/senea",
"SENEB","Seneca Foods Corp.","32.1","311132620.5","n/a","n/a","Consumer Non-Durables","Packaged Foods","https://www.nasdaq.com/symbol/seneb",
"SQBG","Sequential Brands Group, Inc.","0.78","50142525.42","n/a","n/a","Consumer Non-Durables","Apparel","https://www.nasdaq.com/symbol/sqbg",
"TYHT","Shineco, Inc.","0.5759","13171853.4948","n/a","2016","Consumer Non-Durables","Farming/Seeds/Milling","https://www.nasdaq.com/symbol/tyht",
"SITE","SiteOne Landscape Supply, Inc.","55.77","2277374028.93","n/a","2016","Consumer Non-Durables","Farming/Seeds/Milling","https://www.nasdaq.com/symbol/site",
"SKX","Skechers U.S.A., Inc.","22.65","3579686860.5","n/a","1999","Consumer Non-Durables","Shoe Manufacturing","https://www.nasdaq.com/symbol/skx",
"SONO","Sonos, Inc.","10.74","1084181240.76","n/a","2018","Consumer Non-Durables","Consumer Electronics/Appliances","https://www.nasdaq.com/symbol/sono",
"SNE","Sony Corp Ord","50.5","64079863746.5","n/a","n/a","Consumer Non-Durables","Consumer Electronics/Appliances","https://www.nasdaq.com/symbol/sne",
"SPTN","SpartanNash Company","17.32","622477976.84","n/a","n/a","Consumer Non-Durables","Food Distributors","https://www.nasdaq.com/symbol/sptn",
"SDI","Standard Diversified Inc.","12","205334556","n/a","n/a","Consumer Non-Durables","Tobacco","https://www.nasdaq.com/symbol/sdi",
"SHOO","Steven Madden, Ltd.","28.97","2533560920.8","n/a","1993","Consumer Non-Durables","Shoe Manufacturing","https://www.nasdaq.com/symbol/shoo",
"SGC","Superior Group of Companies, Inc.","18.29","279339640.03","n/a","n/a","Consumer Non-Durables","Apparel","https://www.nasdaq.com/symbol/sgc",
"SYY","Sysco Corporation","64.21","33375562630.73","n/a","n/a","Consumer Non-Durables","Food Distributors","https://www.nasdaq.com/symbol/syy",
"TAIT","Taitron Components Incorporated","1.7617","9918101.4599","n/a","1995","Consumer Non-Durables","Electronic Components","https://www.nasdaq.com/symbol/tait",
"TLF","Tandy Leather Factory, Inc.","5.99","54833705.92","n/a","n/a","Consumer Non-Durables","Apparel","https://www.nasdaq.com/symbol/tlf",
"TPR","Tapestry, Inc.","34.73","10064614802.16","n/a","n/a","Consumer Non-Durables","Apparel","https://www.nasdaq.com/symbol/tpr",
"PETZ","TDH Holdings, Inc.","0.78","7350525","n/a","2017","Consumer Non-Durables","Packaged Foods","https://www.nasdaq.com/symbol/petz",
"TEL","TE Connectivity Ltd.","72.01","24701878340","n/a","n/a","Consumer Non-Durables","Electronic Components","https://www.nasdaq.com/symbol/tel",
"TESS","TESSCO Technologies Incorporated","11.32","95689069.36","n/a","1994","Consumer Non-Durables","Electronic Components","https://www.nasdaq.com/symbol/tess",
"WTER","The Alkaline Water Company Inc.","4.47","115585537.14","n/a","n/a","Consumer Non-Durables","Food Distributors","https://www.nasdaq.com/symbol/wter",
"CHEF","The Chefs&#39; Warehouse, Inc.","35.19","1054651267.62","n/a","2011","Consumer Non-Durables","Food Distributors","https://www.nasdaq.com/symbol/chef",
"HAIN","The Hain Celestial Group, Inc.","16.82","1750346085.24","n/a","n/a","Consumer Non-Durables","Packaged Foods","https://www.nasdaq.com/symbol/hain",
"KHC","The Kraft Heinz Company","46.83","57106132245.96","n/a","n/a","Consumer Non-Durables","Packaged Foods","https://www.nasdaq.com/symbol/khc",
"SMPL","The Simply Good Foods Company","18.43","1509010028.74","n/a","n/a","Consumer Non-Durables","Packaged Foods","https://www.nasdaq.com/symbol/smpl",
"THO","Thor Industries, Inc.","53.69","2835206809.89","n/a","n/a","Consumer Non-Durables","Homebuilding","https://www.nasdaq.com/symbol/tho",
"TR","Tootsie Roll Industries, Inc.","33.79","1314580351.8","n/a","n/a","Consumer Non-Durables","Specialty Foods","https://www.nasdaq.com/symbol/tr",
"THS","Treehouse Foods, Inc.","51.26","2870419803.9","n/a","n/a","Consumer Non-Durables","Packaged Foods","https://www.nasdaq.com/symbol/ths",
"THST","Truett-Hurst, Inc.","2.02","9242873.6","n/a","2013","Consumer Non-Durables","Beverages (Production/Distribution)","https://www.nasdaq.com/symbol/thst",
"TUP","Tupperware Brands Corporation","34.71","1686242865.45","n/a","n/a","Consumer Non-Durables","Plastic Products","https://www.nasdaq.com/symbol/tup",
"TPB","Turning Point Brands, Inc.","27.65","540538172.65","n/a","2016","Consumer Non-Durables","Tobacco","https://www.nasdaq.com/symbol/tpb",
"TSN","Tyson Foods, Inc.","53.47","19522509766.2","n/a","n/a","Consumer Non-Durables","Meat/Poultry/Fish","https://www.nasdaq.com/symbol/tsn",
"UA","Under Armour, Inc.","17.02","7631196076.94","n/a","2016","Consumer Non-Durables","Apparel","https://www.nasdaq.com/symbol/ua",
"UAA","Under Armour, Inc.","18.4","8249941704.8","n/a","n/a","Consumer Non-Durables","Apparel","https://www.nasdaq.com/symbol/uaa",
"UFI","Unifi, Inc.","23.36","429422137.92","n/a","n/a","Consumer Non-Durables","Textiles","https://www.nasdaq.com/symbol/ufi",
"UNFI","United Natural Foods, Inc.","10.85","551333028.4","n/a","1996","Consumer Non-Durables","Food Distributors","https://www.nasdaq.com/symbol/unfi",
"UG","United-Guardian, Inc.","16.6","76265695.4","n/a","n/a","Consumer Non-Durables","Package Goods/Cosmetics","https://www.nasdaq.com/symbol/ug",
"UEIC","Universal Electronics Inc.","25.91","357700660.46","n/a","1993","Consumer Non-Durables","Consumer Electronics/Appliances","https://www.nasdaq.com/symbol/ueic",
"UUU","Universal Security Instruments, Inc.","1.28","2960495.36","n/a","n/a","Consumer Non-Durables","Electronic Components","https://www.nasdaq.com/symbol/uuu",
"USFD","US Foods Holding Corp.","31.53","6851693714.31","n/a","2016","Consumer Non-Durables","Food Distributors","https://www.nasdaq.com/symbol/usfd",
"VFC","V.F. Corporation","73.05","28986707154.75","n/a","n/a","Consumer Non-Durables","Apparel","https://www.nasdaq.com/symbol/vfc",
"VGR","Vector Group Ltd.","9.95","1402100687.9","n/a","n/a","Consumer Non-Durables","Farming/Seeds/Milling","https://www.nasdaq.com/symbol/vgr",
"VRA","Vera Bradley, Inc.","8.39","294963756.54","n/a","2010","Consumer Non-Durables","Apparel","https://www.nasdaq.com/symbol/vra",
"VSI","Vitamin Shoppe, Inc","5.3","127307568.8","n/a","2009","Consumer Non-Durables","Food Chains","https://www.nasdaq.com/symbol/vsi",
"VOXX","VOXX International Corporation","4.5","108895743","n/a","n/a","Consumer Non-Durables","Electronic Components","https://www.nasdaq.com/symbol/voxx",
"WCC","WESCO International, Inc.","48.13","2247238215.04","n/a","1999","Consumer Non-Durables","Telecommunications Equipment","https://www.nasdaq.com/symbol/wcc",
"WEYS","Weyco Group, Inc.","30.08","304881254.4","n/a","n/a","Consumer Non-Durables","Apparel","https://www.nasdaq.com/symbol/weys",
"WVVI","Willamette Valley Vineyards, Inc.","7.0399","34949787.7071","n/a","n/a","Consumer Non-Durables","Beverages (Production/Distribution)","https://www.nasdaq.com/symbol/wvvi",
"WVVIP","Willamette Valley Vineyards, Inc.","5.15","0","n/a","n/a","Consumer Non-Durables","Beverages (Production/Distribution)","https://www.nasdaq.com/symbol/wvvip",
"WGO","Winnebago Industries, Inc.","20.66","658790894.9","n/a","n/a","Consumer Non-Durables","Homebuilding","https://www.nasdaq.com/symbol/wgo",
"WWW","Wolverine World Wide, Inc.","31.91","3026338943.39","n/a","n/a","Consumer Non-Durables","Shoe Manufacturing","https://www.nasdaq.com/symbol/www",
"YETI","YETI Holdings, Inc.","13.25","1115598046.75","n/a","2018","Consumer Non-Durables","Recreational Products/Toys","https://www.nasdaq.com/symbol/yeti",
